Scenario,ID1,ID2,ID3,ID4,ID5,time,dosepoint,amt,rate,path,strip
WorkFlow,,,,,1,0,Aa,5000,0,1,
WorkFlow,,,,,2,0,Aa,5000,0,1,
WorkFlow,,,,,3,0,Aa,5000,0,1,
WorkFlow,,,,,4,0,Aa,5000,0,1,
WorkFlow,,,,,5,0,Aa,5000,0,1,
WorkFlow,,,,,6,0,Aa,5000,0,1,
WorkFlow,,,,,7,0,Aa,5000,0,1,
WorkFlow,,,,,8,0,Aa,5000,0,1,
WorkFlow,,,,,9,0,Aa,5000,0,1,
WorkFlow,,,,,10,0,Aa,5000,0,1,
WorkFlow,,,,,11,0,Aa,5000,0,1,
WorkFlow,,,,,12,0,Aa,5000,0,1,
WorkFlow,,,,,13,0,Aa,5000,0,1,
WorkFlow,,,,,14,0,Aa,5000,0,1,
WorkFlow,,,,,15,0,Aa,5000,0,1,
WorkFlow,,,,,16,0,Aa,5000,0,1,
WorkFlow,,,,,17,0,Aa,5000,0,1,
WorkFlow,,,,,18,0,Aa,5000,0,1,
WorkFlow,,,,,19,0,Aa,5000,0,1,
WorkFlow,,,,,20,0,Aa,5000,0,1,
WorkFlow,,,,,21,0,Aa,5000,0,1,
WorkFlow,,,,,22,0,Aa,5000,0,1,
WorkFlow,,,,,23,0,Aa,5000,0,1,
WorkFlow,,,,,24,0,Aa,5000,0,1,
WorkFlow,,,,,25,0,Aa,5000,0,1,
WorkFlow,,,,,26,0,Aa,5000,0,1,
WorkFlow,,,,,27,0,Aa,5000,0,1,
WorkFlow,,,,,28,0,Aa,5000,0,1,
WorkFlow,,,,,29,0,Aa,5000,0,1,
WorkFlow,,,,,30,0,Aa,5000,0,1,
WorkFlow,,,,,31,0,Aa,5000,0,1,
WorkFlow,,,,,32,0,Aa,5000,0,1,
WorkFlow,,,,,33,0,Aa,5000,0,1,
WorkFlow,,,,,34,0,Aa,5000,0,1,
WorkFlow,,,,,35,0,Aa,5000,0,1,
WorkFlow,,,,,36,0,Aa,5000,0,1,
WorkFlow,,,,,37,0,Aa,5000,0,1,
WorkFlow,,,,,38,0,Aa,5000,0,1,
WorkFlow,,,,,39,0,Aa,5000,0,1,
WorkFlow,,,,,40,0,Aa,5000,0,1,
WorkFlow,,,,,41,0,Aa,5000,0,1,
WorkFlow,,,,,42,0,Aa,5000,0,1,
WorkFlow,,,,,43,0,Aa,5000,0,1,
WorkFlow,,,,,44,0,Aa,5000,0,1,
WorkFlow,,,,,45,0,Aa,5000,0,1,
WorkFlow,,,,,46,0,Aa,5000,0,1,
WorkFlow,,,,,47,0,Aa,5000,0,1,
WorkFlow,,,,,48,0,Aa,5000,0,1,
WorkFlow,,,,,49,0,Aa,5000,0,1,
WorkFlow,,,,,50,0,Aa,5000,0,1,
WorkFlow,,,,,51,0,Aa,10000,0,1,
WorkFlow,,,,,52,0,Aa,10000,0,1,
WorkFlow,,,,,53,0,Aa,10000,0,1,
WorkFlow,,,,,54,0,Aa,10000,0,1,
WorkFlow,,,,,55,0,Aa,10000,0,1,
WorkFlow,,,,,56,0,Aa,10000,0,1,
WorkFlow,,,,,57,0,Aa,10000,0,1,
WorkFlow,,,,,58,0,Aa,10000,0,1,
WorkFlow,,,,,59,0,Aa,10000,0,1,
WorkFlow,,,,,60,0,Aa,10000,0,1,
WorkFlow,,,,,61,0,Aa,10000,0,1,
WorkFlow,,,,,62,0,Aa,10000,0,1,
WorkFlow,,,,,63,0,Aa,10000,0,1,
WorkFlow,,,,,64,0,Aa,10000,0,1,
WorkFlow,,,,,65,0,Aa,10000,0,1,
WorkFlow,,,,,66,0,Aa,10000,0,1,
WorkFlow,,,,,67,0,Aa,10000,0,1,
WorkFlow,,,,,68,0,Aa,10000,0,1,
WorkFlow,,,,,69,0,Aa,10000,0,1,
WorkFlow,,,,,70,0,Aa,10000,0,1,
WorkFlow,,,,,71,0,Aa,10000,0,1,
WorkFlow,,,,,72,0,Aa,10000,0,1,
WorkFlow,,,,,73,0,Aa,10000,0,1,
WorkFlow,,,,,74,0,Aa,10000,0,1,
WorkFlow,,,,,75,0,Aa,10000,0,1,
WorkFlow,,,,,76,0,Aa,10000,0,1,
WorkFlow,,,,,77,0,Aa,10000,0,1,
WorkFlow,,,,,78,0,Aa,10000,0,1,
WorkFlow,,,,,79,0,Aa,10000,0,1,
WorkFlow,,,,,80,0,Aa,10000,0,1,
WorkFlow,,,,,81,0,Aa,10000,0,1,
WorkFlow,,,,,82,0,Aa,10000,0,1,
WorkFlow,,,,,83,0,Aa,10000,0,1,
WorkFlow,,,,,84,0,Aa,10000,0,1,
WorkFlow,,,,,85,0,Aa,10000,0,1,
WorkFlow,,,,,86,0,Aa,10000,0,1,
WorkFlow,,,,,87,0,Aa,10000,0,1,
WorkFlow,,,,,88,0,Aa,10000,0,1,
WorkFlow,,,,,89,0,Aa,10000,0,1,
WorkFlow,,,,,90,0,Aa,10000,0,1,
WorkFlow,,,,,91,0,Aa,10000,0,1,
WorkFlow,,,,,92,0,Aa,10000,0,1,
WorkFlow,,,,,93,0,Aa,10000,0,1,
WorkFlow,,,,,94,0,Aa,10000,0,1,
WorkFlow,,,,,95,0,Aa,10000,0,1,
WorkFlow,,,,,96,0,Aa,10000,0,1,
WorkFlow,,,,,97,0,Aa,10000,0,1,
WorkFlow,,,,,98,0,Aa,10000,0,1,
WorkFlow,,,,,99,0,Aa,10000,0,1,
WorkFlow,,,,,100,0,Aa,10000,0,1,
WorkFlow,,,,,101,0,Aa,20000,0,1,
WorkFlow,,,,,102,0,Aa,20000,0,1,
WorkFlow,,,,,103,0,Aa,20000,0,1,
WorkFlow,,,,,104,0,Aa,20000,0,1,
WorkFlow,,,,,105,0,Aa,20000,0,1,
WorkFlow,,,,,106,0,Aa,20000,0,1,
WorkFlow,,,,,107,0,Aa,20000,0,1,
WorkFlow,,,,,108,0,Aa,20000,0,1,
WorkFlow,,,,,109,0,Aa,20000,0,1,
WorkFlow,,,,,110,0,Aa,20000,0,1,
WorkFlow,,,,,111,0,Aa,20000,0,1,
WorkFlow,,,,,112,0,Aa,20000,0,1,
WorkFlow,,,,,113,0,Aa,20000,0,1,
WorkFlow,,,,,114,0,Aa,20000,0,1,
WorkFlow,,,,,115,0,Aa,20000,0,1,
WorkFlow,,,,,116,0,Aa,20000,0,1,
WorkFlow,,,,,117,0,Aa,20000,0,1,
WorkFlow,,,,,118,0,Aa,20000,0,1,
WorkFlow,,,,,119,0,Aa,20000,0,1,
WorkFlow,,,,,120,0,Aa,20000,0,1,
WorkFlow,,,,,121,0,Aa,20000,0,1,
WorkFlow,,,,,122,0,Aa,20000,0,1,
WorkFlow,,,,,123,0,Aa,20000,0,1,
WorkFlow,,,,,124,0,Aa,20000,0,1,
WorkFlow,,,,,125,0,Aa,20000,0,1,
WorkFlow,,,,,126,0,Aa,20000,0,1,
WorkFlow,,,,,127,0,Aa,20000,0,1,
WorkFlow,,,,,128,0,Aa,20000,0,1,
WorkFlow,,,,,129,0,Aa,20000,0,1,
WorkFlow,,,,,130,0,Aa,20000,0,1,
WorkFlow,,,,,131,0,Aa,20000,0,1,
WorkFlow,,,,,132,0,Aa,20000,0,1,
WorkFlow,,,,,133,0,Aa,20000,0,1,
WorkFlow,,,,,134,0,Aa,20000,0,1,
WorkFlow,,,,,135,0,Aa,20000,0,1,
WorkFlow,,,,,136,0,Aa,20000,0,1,
WorkFlow,,,,,137,0,Aa,20000,0,1,
WorkFlow,,,,,138,0,Aa,20000,0,1,
WorkFlow,,,,,139,0,Aa,20000,0,1,
WorkFlow,,,,,140,0,Aa,20000,0,1,
WorkFlow,,,,,141,0,Aa,20000,0,1,
WorkFlow,,,,,142,0,Aa,20000,0,1,
WorkFlow,,,,,143,0,Aa,20000,0,1,
WorkFlow,,,,,144,0,Aa,20000,0,1,
WorkFlow,,,,,145,0,Aa,20000,0,1,
WorkFlow,,,,,146,0,Aa,20000,0,1,
WorkFlow,,,,,147,0,Aa,20000,0,1,
WorkFlow,,,,,148,0,Aa,20000,0,1,
WorkFlow,,,,,149,0,Aa,20000,0,1,
WorkFlow,,,,,150,0,Aa,20000,0,1,
